IP,HOSTNAME,DATE
10.41.128.1,qws151381wss,10/23/2023
10.41.128.2,N/A,10/23/2023
10.41.128.12,WPHC004073,10/23/2023
10.41.128.13,WPHC003657,10/23/2023
10.41.128.15,WPHC005430,10/23/2023
10.41.128.16,WPHC005065,10/23/2023
10.41.128.18,WPHC004968,10/23/2023
10.41.128.19,WPHC003146,10/23/2023
10.41.128.21,WPHC001159,10/23/2023
10.41.128.22,WPHC004228,10/23/2023
10.41.128.24,WPHC006201,10/23/2023
10.41.128.25,WPHC005321,10/23/2023
10.41.128.27,WPHC004113,10/23/2023
10.41.128.28,WPHC005890,10/23/2023
10.41.128.29,WPHC005712,10/23/2023
10.41.128.30,WPHC002926,10/23/2023
10.41.128.32,WPHC003756,10/23/2023
10.41.128.33,WPHC002226,10/23/2023
10.41.128.35,WPHC003864,10/23/2023
10.41.128.36,WPHC003861,10/23/2023
10.41.128.38,WPHC006223,10/23/2023
10.41.128.39,WPHC003972,10/23/2023
10.41.128.41,WPHC003180,10/23/2023
10.41.128.42,WPHC006247,10/23/2023
10.41.128.44,WPHC004984,10/23/2023
10.41.128.46,WPHC005917,10/23/2023
10.41.128.47,WPHC005187,10/23/2023
10.41.128.49,WPHC003030,10/23/2023
10.41.128.50,WPHC005046,10/23/2023
10.41.128.52,WPHC004918,10/23/2023
10.41.128.53,WPHC004998,10/23/2023
10.41.128.55,WPHC003165,10/23/2023
10.41.128.57,WPHC005510,10/23/2023
10.41.128.58,WPHC006242,10/23/2023
10.41.128.60,WPHC003636,10/23/2023
10.41.128.61,WPHC005258,10/23/2023
10.41.128.63,WPHC005397,10/23/2023
10.41.128.64,WPHC002522,10/23/2023
10.41.128.66,WPHC005491,10/23/2023
10.41.128.67,WPHC005205,10/23/2023
10.41.128.69,WPHC003070,10/23/2023
10.41.128.70,WDEC031223,10/23/2023
10.41.128.72,WPHC005679,10/23/2023
10.41.128.73,WPHC005714,10/23/2023
10.41.128.75,WPHC003948,10/23/2023
10.41.128.76,WPHC005730,10/23/2023
10.41.128.78,WPHC006232,10/23/2023
10.41.128.79,WPHC004376,10/23/2023
10.41.128.81,WPHC004206,10/23/2023
10.41.128.82,WPHC003081,10/23/2023
10.41.128.85,WPHC006261,10/23/2023
10.41.128.86,WPHC002742,10/23/2023
10.41.128.88,WPHC005454,10/23/2023
10.41.128.89,WPHC006469,10/23/2023
10.41.128.91,WPLC001484,10/23/2023
10.41.128.92,WPHC006356,10/23/2023
10.41.128.94,WPHC005572,10/23/2023
10.41.128.96,WPHC005556,10/23/2023
10.41.128.97,WPHC002091,10/23/2023
10.41.128.99,WPHC002327,10/23/2023
10.41.128.100,WPHC005721,10/23/2023
10.41.128.102,WPHC005217,10/23/2023
10.41.128.103,WPHC005034,10/23/2023
10.41.128.105,WPHC002412,10/23/2023
10.41.128.106,WPHC005644,10/23/2023
10.41.128.108,WPHC003740,10/23/2023
10.41.128.110,WPHC002381,10/23/2023
10.41.128.111,qws151489wss,10/23/2023
10.41.128.113,qws151491wss,10/23/2023
10.41.128.114,WPHC003619-010041128114,10/23/2023
10.41.128.115,WPHC005082,10/23/2023
10.41.128.116,WPHC002875,10/23/2023
10.41.128.118,WPHC003222,10/23/2023
10.41.128.119,WPHC006396,10/23/2023
10.41.128.121,WPHC006381,10/23/2023
10.41.128.122,WPHC003866,10/23/2023
10.41.128.124,WPHC005879,10/23/2023
10.41.128.125,qws151503wss,10/23/2023
10.41.128.126,WPHC006164,10/23/2023
10.41.128.127,WPHC005278,10/23/2023
10.41.128.142,WPHC003926,10/23/2023
10.41.128.149,WPHC004128,10/23/2023
10.41.128.185,WPHC002376,10/23/2023
10.41.128.186,WPHC005114,10/23/2023
10.41.128.197,WPHC003957,10/23/2023
10.41.128.223,WPHC005125,10/23/2023
